-- Seed sports and sample competitions/events
INSERT INTO public.sports (id, name, slug, is_virtual, sort_order) VALUES
  ('11111111-1111-1111-1111-111111111101', 'Football', 'football', FALSE, 1),
  ('11111111-1111-1111-1111-111111111102', 'Basketball', 'basketball', FALSE, 2),
  ('11111111-1111-1111-1111-111111111103', 'Tennis', 'tennis', FALSE, 3),
  ('11111111-1111-1111-1111-111111111104', 'Virtual Sports', 'virtual', TRUE, 4)
ON CONFLICT DO NOTHING;

INSERT INTO public.competitions (id, sport_id, name, slug, country_code) VALUES
  ('22222222-2222-2222-2222-222222222201', '11111111-1111-1111-1111-111111111101', 'English Premier League', 'epl', 'GB'),
  ('22222222-2222-2222-2222-222222222202', '11111111-1111-1111-1111-111111111101', 'La Liga', 'laliga', 'ES'),
  ('22222222-2222-2222-2222-222222222203', '11111111-1111-1111-1111-111111111102', 'NBA', 'nba', 'US'),
  ('22222222-2222-2222-2222-222222222204', '11111111-1111-1111-1111-111111111103', 'Wimbledon', 'wimbledon', 'GB')
ON CONFLICT DO NOTHING;

INSERT INTO public.events (id, competition_id, home_team, away_team, start_time, status, is_live) VALUES
  ('33333333-3333-3333-3333-333333333301', '22222222-2222-2222-2222-222222222201', 'Arsenal', 'Chelsea', NOW() + INTERVAL '2 hours', 'scheduled', FALSE),
  ('33333333-3333-3333-3333-333333333302', '22222222-2222-2222-2222-222222222201', 'Liverpool', 'Man United', NOW() + INTERVAL '1 day', 'scheduled', FALSE),
  ('33333333-3333-3333-3333-333333333303', '22222222-2222-2222-2222-222222222203', 'Lakers', 'Celtics', NOW() + INTERVAL '3 hours', 'scheduled', FALSE)
ON CONFLICT DO NOTHING;

-- Markets and selections for first event (1X2, Over/Under)
INSERT INTO public.markets (id, event_id, type, name, line_value, sort_order) VALUES
  ('44444444-4444-4444-4444-444444444401', '33333333-3333-3333-3333-333333333301', '1x2', 'Match Result', NULL, 0),
  ('44444444-4444-4444-4444-444444444402', '33333333-3333-3333-3333-333333333301', 'over_under', 'Total Goals', 2.5, 1)
ON CONFLICT DO NOTHING;

INSERT INTO public.selections (id, market_id, name, odds, sort_order) VALUES
  ('55555555-5555-5555-5555-555555555501', '44444444-4444-4444-4444-444444444401', 'Home', 2.10, 0),
  ('55555555-5555-5555-5555-555555555502', '44444444-4444-4444-4444-444444444401', 'Draw', 3.40, 1),
  ('55555555-5555-5555-5555-555555555503', '44444444-4444-4444-4444-444444444401', 'Away', 3.20, 2),
  ('55555555-5555-5555-5555-555555555504', '44444444-4444-4444-4444-444444444402', 'Over 2.5', 1.85, 0),
  ('55555555-5555-5555-5555-555555555505', '44444444-4444-4444-4444-444444444402', 'Under 2.5', 1.95, 1)
ON CONFLICT DO NOTHING;

-- Repeat for event 2
INSERT INTO public.markets (id, event_id, type, name, line_value, sort_order) VALUES
  ('44444444-4444-4444-4444-444444444403', '33333333-3333-3333-3333-333333333302', '1x2', 'Match Result', NULL, 0)
ON CONFLICT DO NOTHING;

INSERT INTO public.selections (id, market_id, name, odds, sort_order) VALUES
  ('55555555-5555-5555-5555-555555555506', '44444444-4444-4444-4444-444444444403', 'Home', 1.95, 0),
  ('55555555-5555-5555-5555-555555555507', '44444444-4444-4444-4444-444444444403', 'Draw', 3.50, 1),
  ('55555555-5555-5555-5555-5555-555555555508', '44444444-4444-4444-4444-444444444403', 'Away', 3.80, 2)
ON CONFLICT DO NOTHING;
